{
  "project_info": {
    "project_number": "322237492832",
    "firebase_url": "https://location-tracker-da608-default-rtdb.firebaseio.com",
    "project_id": "location-tracker-da608",
    "storage_bucket": "location-tracker-da608.appspot.com"
  },
  "client": [
    {
      "client_info": {
        "mobilesdk_app_id": "1:322237492832:android:e8613349d4b8bf0a201d05",
        "android_client_info": {
          "package_name": "com.example.accelerometerbackground"
        }
      },
      "oauth_client": [
        {
          "client_id": "322237492832-7vov58oubseqlhm67ssdjg7td69p999a.apps.googleusercontent.com",
          "client_type": 3
        }
      ],
      "api_key": [
        {
          "current_key": "AIzaSyAfLxPDywKmSTpXdYd1HuMlCu1Csc7tjWs"
        }
      ],
      "services": {
        "appinvite_service": {
          "other_platform_oauth_client": [
            {
              "client_id": "322237492832-7vov58oubseqlhm67ssdjg7td69p999a.apps.googleusercontent.com",
              "client_type": 3
            }
          ]
        }
      }
    },
    {
      "client_info": {
        "mobilesdk_app_id": "1:322237492832:android:8e7c679e5a88dd3d201d05",
        "android_client_info": {
          "package_name": "com.example.locationtracker"
        }
      },
      "oauth_client": [
        {
          "client_id": "322237492832-7vov58oubseqlhm67ssdjg7td69p999a.apps.googleusercontent.com",
          "client_type": 3
        }
      ],
      "api_key": [
        {
          "current_key": "AIzaSyAfLxPDywKmSTpXdYd1HuMlCu1Csc7tjWs"
        }
      ],
      "services": {
        "appinvite_service": {
          "other_platform_oauth_client": [
            {
              "client_id": "322237492832-7vov58oubseqlhm67ssdjg7td69p999a.apps.googleusercontent.com",
              "client_type": 3
            }
          ]
        }
      }
    },
    {
      "client_info": {
        "mobilesdk_app_id": "1:322237492832:android:1d52e19aa9a2e23e201d05",
        "android_client_info": {
          "package_name": "com.example.roadchecker"
        }
      },
      "oauth_client": [
        {
          "client_id": "322237492832-7vov58oubseqlhm67ssdjg7td69p999a.apps.googleusercontent.com",
          "client_type": 3
        }
      ],
      "api_key": [
        {
          "current_key": "AIzaSyAfLxPDywKmSTpXdYd1HuMlCu1Csc7tjWs"
        }
      ],
      "services": {
        "appinvite_service": {
          "other_platform_oauth_client": [
            {
              "client_id": "322237492832-7vov58oubseqlhm67ssdjg7td69p999a.apps.googleusercontent.com",
              "client_type": 3
            }
          ]
        }
      }
    }
  ],
  "configuration_version": "1"
}